--DROP TABLE
DROP TABLE BATCH_JOB_INSTANCE IF EXISTS CASCADE
DROP TABLE BATCH_JOB_EXECUTION IF EXISTS CASCADE
DROP TABLE BATCH_JOB_PARAMS IF EXISTS CASCADE
DROP TABLE BATCH_STEP_EXECUTION IF EXISTS CASCADE
DROP TABLE BATCH_STEP_EXECUTION_CONTEXT IF EXISTS CASCADE
DROP TABLE BATCH_JOB_EXECUTION_CONTEXT IF EXISTS CASCADE
DROP TABLE BATCH_STEP_EXECUTION_SEQ IF EXISTS CASCADE
DROP TABLE BATCH_JOB_EXECUTION_SEQ IF EXISTS CASCADE
DROP TABLE BATCH_JOB_SEQ IF EXISTS CASCADE
DROP TABLE CUSTOMER_SEQ IF EXISTS CASCADE
DROP TABLE TRADE IF EXISTS CASCADE
DROP TABLE CUSTOMER IF EXISTS CASCADE
DROP TABLE TRADE_SEQ IF EXISTS CASCADE
DROP TABLE BATCH_STAGING_SEQ IF EXISTS CASCADE
DROP TABLE BATCH_STAGING IF EXISTS CASCADE
DROP TABLE ERROR_LOG IF EXISTS CASCADE
DROP TABLE BATCH_JOB_EXECUTION_PARAMS IF EXISTS CASCADE
DROP TABLE BATCH_EXCEPTION_MESSAGE IF EXISTS CASCADE

--CREATE SCHEMA PUBLIC AUTHORIZATION DBA
CREATE TABLE BATCH_JOB_INSTANCE(JOB_INSTANCE_ID BIGINT GENERATED BY DEFAULT AS IDENTITY(START WITH 0) NOT NULL PRIMARY KEY,VERSION BIGINT,JOB_NAME VARCHAR(100) NOT NULL,JOB_KEY VARCHAR(32) NOT NULL,CONSTRAINT JOB_INST_UN UNIQUE(JOB_NAME,JOB_KEY))
CREATE TABLE BATCH_JOB_EXECUTION(JOB_EXECUTION_ID BIGINT GENERATED BY DEFAULT AS IDENTITY(START WITH 0) NOT NULL PRIMARY KEY,VERSION BIGINT,JOB_INSTANCE_ID BIGINT NOT NULL,CREATE_TIME TIMESTAMP NOT NULL,START_TIME TIMESTAMP DEFAULT NULL,END_TIME TIMESTAMP DEFAULT NULL,STATUS VARCHAR(10),EXIT_CODE VARCHAR(2500),EXIT_MESSAGE VARCHAR(2500),LAST_UPDATED TIMESTAMP,JOB_CONFIGURATION_LOCATION VARCHAR(2500) DEFAULT NULL,CONSTRAINT JOB_INST_EXEC_FK FOREIGN KEY(JOB_INSTANCE_ID) REFERENCES BATCH_JOB_INSTANCE(JOB_INSTANCE_ID))
CREATE TABLE BATCH_JOB_PARAMS(JOB_INSTANCE_ID BIGINT NOT NULL,TYPE_CD VARCHAR(6) NOT NULL,KEY_NAME VARCHAR(100) NOT NULL,STRING_VAL VARCHAR(250),DATE_VAL TIMESTAMP DEFAULT NULL,LONG_VAL BIGINT,DOUBLE_VAL DOUBLE,CONSTRAINT JOB_INST_PARAMS_FK FOREIGN KEY(JOB_INSTANCE_ID) REFERENCES BATCH_JOB_INSTANCE(JOB_INSTANCE_ID))
CREATE TABLE BATCH_STEP_EXECUTION(STEP_EXECUTION_ID BIGINT GENERATED BY DEFAULT AS IDENTITY(START WITH 0) NOT NULL PRIMARY KEY,VERSION BIGINT NOT NULL,STEP_NAME VARCHAR(100) NOT NULL,JOB_EXECUTION_ID BIGINT NOT NULL,START_TIME TIMESTAMP NOT NULL,END_TIME TIMESTAMP DEFAULT NULL,STATUS VARCHAR(10),COMMIT_COUNT BIGINT,READ_COUNT BIGINT,FILTER_COUNT BIGINT,WRITE_COUNT BIGINT,READ_SKIP_COUNT BIGINT,WRITE_SKIP_COUNT BIGINT,PROCESS_SKIP_COUNT BIGINT,ROLLBACK_COUNT BIGINT,EXIT_CODE VARCHAR(2500),EXIT_MESSAGE VARCHAR(2500),LAST_UPDATED TIMESTAMP,CONSTRAINT JOB_EXEC_STEP_FK FOREIGN KEY(JOB_EXECUTION_ID) REFERENCES BATCH_JOB_EXECUTION(JOB_EXECUTION_ID))
CREATE TABLE BATCH_STEP_EXECUTION_CONTEXT(STEP_EXECUTION_ID BIGINT NOT NULL PRIMARY KEY,SHORT_CONTEXT VARCHAR(2500) NOT NULL,SERIALIZED_CONTEXT LONGVARCHAR,CONSTRAINT STEP_EXEC_CTX_FK FOREIGN KEY(STEP_EXECUTION_ID) REFERENCES BATCH_STEP_EXECUTION(STEP_EXECUTION_ID))
CREATE TABLE BATCH_JOB_EXECUTION_CONTEXT(JOB_EXECUTION_ID BIGINT NOT NULL PRIMARY KEY,SHORT_CONTEXT VARCHAR(2500) NOT NULL,SERIALIZED_CONTEXT LONGVARCHAR,CONSTRAINT JOB_EXEC_CTX_FK FOREIGN KEY(JOB_EXECUTION_ID) REFERENCES BATCH_JOB_EXECUTION(JOB_EXECUTION_ID))
CREATE TABLE BATCH_STEP_EXECUTION_SEQ(ID BIGINT GENERATED BY DEFAULT AS IDENTITY(START WITH 0) NOT NULL PRIMARY KEY)
CREATE TABLE BATCH_JOB_EXECUTION_SEQ(ID BIGINT GENERATED BY DEFAULT AS IDENTITY(START WITH 0) NOT NULL PRIMARY KEY)
CREATE TABLE BATCH_JOB_SEQ(ID BIGINT GENERATED BY DEFAULT AS IDENTITY(START WITH 0) NOT NULL PRIMARY KEY)
CREATE TABLE CUSTOMER_SEQ(ID BIGINT GENERATED BY DEFAULT AS IDENTITY(START WITH 0) NOT NULL PRIMARY KEY)
CREATE TABLE TRADE(ID BIGINT GENERATED BY DEFAULT AS IDENTITY(START WITH 0) NOT NULL PRIMARY KEY,VERSION BIGINT,ISIN VARCHAR(45) NOT NULL,QUANTITY BIGINT,PRICE DECIMAL(8,2),CUSTOMER VARCHAR(45))
CREATE TABLE CUSTOMER(ID BIGINT GENERATED BY DEFAULT AS IDENTITY(START WITH 0) NOT NULL PRIMARY KEY,VERSION BIGINT,NAME VARCHAR(45),CREDIT DECIMAL(10,2))
CREATE TABLE TRADE_SEQ(ID BIGINT GENERATED BY DEFAULT AS IDENTITY(START WITH 0) NOT NULL PRIMARY KEY)
CREATE TABLE BATCH_STAGING_SEQ(ID BIGINT GENERATED BY DEFAULT AS IDENTITY(START WITH 0) NOT NULL PRIMARY KEY)
CREATE TABLE BATCH_STAGING(ID BIGINT GENERATED BY DEFAULT AS IDENTITY(START WITH 0) NOT NULL PRIMARY KEY,JOB_ID BIGINT NOT NULL,VALUE LONGVARBINARY NOT NULL,PROCESSED CHAR(1) NOT NULL)
CREATE TABLE ERROR_LOG(JOB_NAME CHAR(20),STEP_NAME CHAR(20),MESSAGE VARCHAR(300) NOT NULL)
CREATE TABLE BATCH_JOB_EXECUTION_PARAMS(JOB_EXECUTION_ID BIGINT NOT NULL,TYPE_CD VARCHAR(6) NOT NULL,KEY_NAME VARCHAR(100) NOT NULL,STRING_VAL VARCHAR(250),DATE_VAL TIMESTAMP,LONG_VAL BIGINT,DOUBLE_VAL DOUBLE,IDENTIFYING CHAR(1) NOT NULL,CONSTRAINT JOB_EXEC_PARAMS_FK FOREIGN KEY(JOB_EXECUTION_ID) REFERENCES BATCH_JOB_EXECUTION(JOB_EXECUTION_ID))
ALTER TABLE BATCH_JOB_INSTANCE ALTER COLUMN JOB_INSTANCE_ID RESTART WITH 255
ALTER TABLE BATCH_JOB_EXECUTION ALTER COLUMN JOB_EXECUTION_ID RESTART WITH 279
ALTER TABLE BATCH_STEP_EXECUTION ALTER COLUMN STEP_EXECUTION_ID RESTART WITH 413
ALTER TABLE BATCH_STEP_EXECUTION_SEQ ALTER COLUMN ID RESTART WITH 413
ALTER TABLE BATCH_JOB_EXECUTION_SEQ ALTER COLUMN ID RESTART WITH 279
ALTER TABLE BATCH_JOB_SEQ ALTER COLUMN ID RESTART WITH 253
ALTER TABLE CUSTOMER_SEQ ALTER COLUMN ID RESTART WITH 6
ALTER TABLE TRADE ALTER COLUMN ID RESTART WITH 196
ALTER TABLE CUSTOMER ALTER COLUMN ID RESTART WITH 5
ALTER TABLE TRADE_SEQ ALTER COLUMN ID RESTART WITH 196
ALTER TABLE BATCH_STAGING_SEQ ALTER COLUMN ID RESTART WITH 40
ALTER TABLE BATCH_STAGING ALTER COLUMN ID RESTART WITH 40

--CREATE USER SA PASSWORD ""
--GRANT DBA TO SA
--SET WRITE_DELAY 10
--SET SCHEMA PUBLIC
INSERT INTO BATCH_JOB_INSTANCE VALUES(0,0,'batchRunnerTestJob','f07be47023e970016f6115f2d0bbc21a')
INSERT INTO BATCH_JOB_INSTANCE VALUES(1,0,'batchRunnerTestJob','72ce0168f7a2f6f0612fab8a6bb84db1')
INSERT INTO BATCH_JOB_INSTANCE VALUES(2,0,'batchRunnerTestJob','f2a809dd350aeadc432dc9ce86adeaf4')
INSERT INTO BATCH_JOB_INSTANCE VALUES(3,0,'eventNoticeTriggerJob','af5848379f8d0e06c738715644cb59e8')
INSERT INTO BATCH_JOB_INSTANCE VALUES(4,0,'testJobGroup.delegateJob','e888368b9ad75a64b6282f2dbcaa6d38')
INSERT INTO BATCH_JOB_INSTANCE VALUES(5,0,'logManagementJob','868809c9263db57e04153ea9c0c4c643')
INSERT INTO BATCH_JOB_INSTANCE VALUES(6,0,'parallelStep','09edcd3c6327c2129c7e0d70a383bf6d')
INSERT INTO BATCH_JOB_INSTANCE VALUES(7,0,'partitionJob','c6a5c31e00fe3a2bed8806412f5a6c2e')
INSERT INTO BATCH_JOB_INSTANCE VALUES(8,0,'partitionJob','ac64d54f429119006649cf78d54f0ed4')
INSERT INTO BATCH_JOB_INSTANCE VALUES(9,0,'partitionJdbcJob','3ec5aadd6180c8a01308d05442f82e53')
INSERT INTO BATCH_JOB_INSTANCE VALUES(10,0,'postProcessorJob','8a9351047db93aab934e288be171e87a')
INSERT INTO BATCH_JOB_INSTANCE VALUES(11,0,'preProcessorJob','4c4a1175558360a6d01cf8551888bc0e')
INSERT INTO BATCH_JOB_INSTANCE VALUES(12,0,'jdbcCursorIoJob','8ae4bcdc0e6a704b7c3b12a3fcc106fb')
INSERT INTO BATCH_JOB_INSTANCE VALUES(13,0,'delimitedIoJob','efed2ad6aaaa5684d4074a8e736c094a')
INSERT INTO BATCH_JOB_INSTANCE VALUES(14,0,'retrySample','b6c4eb9529de0ee8886aa6baaa22cc69')
INSERT INTO BATCH_JOB_INSTANCE VALUES(15,0,'skipJob','853d3449e311f40366811cbefb3d93d7')
INSERT INTO BATCH_JOB_INSTANCE VALUES(16,0,'delegateJob','398bf4b2a807e45c4eef95c3d4557ee5')
INSERT INTO BATCH_JOB_INSTANCE VALUES(17,0,'loopJob','9daca906b44af1f6ba00865bc6309031')
INSERT INTO BATCH_JOB_INSTANCE VALUES(18,0,'parallelJob','d2408dedd5a49fe62366efd289b61ac5')
INSERT INTO BATCH_JOB_INSTANCE VALUES(19,0,'compositeItemWriterJob','4c6df19600a3ec610183a075be36db88')
INSERT INTO BATCH_JOB_INSTANCE VALUES(20,0,'delegateJob','c40590062eebdde57cb90b125842e143')
INSERT INTO BATCH_JOB_INSTANCE VALUES(21,0,'delimitedIoJob','f42ae48a9dcf3c6f85bcdd29c45a6df1')
INSERT INTO BATCH_JOB_INSTANCE VALUES(22,0,'fixedLengthIoJob','65e9db24bdb127296c6c366ce6c6c930')
INSERT INTO BATCH_JOB_INSTANCE VALUES(23,0,'ibatisIoJob','fea3583cfc16b9b1e0d25ac8b08c38b1')
INSERT INTO BATCH_JOB_INSTANCE VALUES(24,0,'jdbcCursorIoJob','0342113250efdd63f131d86482b81168')
INSERT INTO BATCH_JOB_INSTANCE VALUES(25,0,'jdbcPagingIoJob','81e89911fc04ccba46941d5b0e039296')
INSERT INTO BATCH_JOB_INSTANCE VALUES(26,0,'multiResourceIoJob','8decadf5043c3a9389eacf0b2fe06da3')
INSERT INTO BATCH_JOB_INSTANCE VALUES(27,0,'restartFileSampleJob','87ffd7de81004c2de4c92e1059b2f0fa')
INSERT INTO BATCH_JOB_INSTANCE VALUES(28,0,'restartFileSampleJob','9a736f2569fbcc11aa30f8fda5c6eff5')
INSERT INTO BATCH_JOB_INSTANCE VALUES(29,0,'xmlJob','a60d106d09a804c1f5e2faafd585f763')
INSERT INTO BATCH_JOB_INSTANCE VALUES(30,0,'batchRunnerTestJob','db4b3edbfbaa167216d607246fe8ca07')
INSERT INTO BATCH_JOB_INSTANCE VALUES(31,0,'partitionJob','84ffae0362a486963b105be750dcbdda')
INSERT INTO BATCH_JOB_INSTANCE VALUES(32,0,'parallelJob','bb96ed960e74e2e540ae802aaf343b9e')
INSERT INTO BATCH_JOB_INSTANCE VALUES(33,0,'compositeItemWriterJob','0458faa4341dac9216e0b13947c4339d')
INSERT INTO BATCH_JOB_INSTANCE VALUES(34,0,'partitionJob','e880fd78617569694fe2e0ebdf35b1b8')
INSERT INTO BATCH_JOB_INSTANCE VALUES(35,0,'ibatisIoJob','274dc2f24996d230adb7bdb0eab3edb7')
INSERT INTO BATCH_JOB_INSTANCE VALUES(36,0,'loopJob','cad6d2899a0a98995c9c6a1f13329ab4')
INSERT INTO BATCH_JOB_INSTANCE VALUES(37,0,'xmlJob','c217c27027207f8da1f27451f6c72ab2')
INSERT INTO BATCH_JOB_INSTANCE VALUES(38,0,'testJobGroup.delegateJob','4178cba52586427a8383833c5f18c260')
INSERT INTO BATCH_JOB_INSTANCE VALUES(39,0,'eventNoticeTriggerJob','c95a82b981bf794dbd8ca3f4164be874')
INSERT INTO BATCH_JOB_INSTANCE VALUES(41,0,'restartFileSampleJob','f0f105ef1f4493b11706fc437698193e')
INSERT INTO BATCH_JOB_INSTANCE VALUES(42,0,'batchRunnerTestJob','bd0b5dc07aece76ea960dc97411d96a4')
INSERT INTO BATCH_JOB_INSTANCE VALUES(43,0,'postProcessorJob','7321cfc41eec667420aa9afe7454e89c')
INSERT INTO BATCH_JOB_INSTANCE VALUES(44,0,'jdbcCursorIoJob','97546b330bb636cf2dfd1f6d2eb104b9')
INSERT INTO BATCH_JOB_INSTANCE VALUES(45,0,'delegateJob','ae13446cf1c3013d9f69306cbe0d277d')
INSERT INTO BATCH_JOB_INSTANCE VALUES(46,0,'jdbcCursorIoJob','6da1dfba80798b540b6c1a9232467e37')
INSERT INTO BATCH_JOB_INSTANCE VALUES(47,0,'delimitedIoJob','2cbaa62337176810ef419715872f2d35')
INSERT INTO BATCH_JOB_INSTANCE VALUES(48,0,'fixedLengthIoJob','dff6d35d41311850ac8233fadd1af005')
INSERT INTO BATCH_JOB_INSTANCE VALUES(49,0,'delegateJob','36534f87d361e0136ac1a2b8fb24e7db')
INSERT INTO BATCH_JOB_INSTANCE VALUES(50,0,'retrySample','45c5cad972b53b05295784b18c282823')
INSERT INTO BATCH_JOB_INSTANCE VALUES(51,0,'multiResourceIoJob','b42f4ff2303171e5946b3c582e76a998')
INSERT INTO BATCH_JOB_INSTANCE VALUES(52,0,'partitionJdbcJob','d6d2c879946b3cb585b4cdeb136f3e18')
INSERT INTO BATCH_JOB_INSTANCE VALUES(53,0,'preProcessorJob','2197a39d08a4ef26de0c0cec2d6480dc')
INSERT INTO BATCH_JOB_INSTANCE VALUES(54,0,'delimitedIoJob','64f9b625783c09d8d94f7ff3db7c339e')
INSERT INTO BATCH_JOB_INSTANCE VALUES(55,0,'logManagementJob','b268ab0ee9135978fd4bbc664b27ef7c')
INSERT INTO BATCH_JOB_INSTANCE VALUES(56,0,'parallelStep','4c97d3cfa6025e7dda17feeea18e972e')
INSERT INTO BATCH_JOB_INSTANCE VALUES(57,0,'jdbcPagingIoJob','323fc4c3570cdb486937e552ca0ed459')
INSERT INTO BATCH_JOB_INSTANCE VALUES(61,0,'batchRunnerTestJob','43e039174ff8c81115beae74d2b74764')
INSERT INTO BATCH_JOB_INSTANCE VALUES(62,0,'batchRunnerTestJob','2ebb3fa40a21761ff209a910bcb37a29')
INSERT INTO BATCH_JOB_INSTANCE VALUES(63,0,'batchRunnerTestJob','da0222445552a7054ef5a973929c727c')
INSERT INTO BATCH_JOB_INSTANCE VALUES(64,0,'batchRunnerTestJob','e94c68d00c26065ec90e23afd1e30db0')
INSERT INTO BATCH_JOB_INSTANCE VALUES(70,0,'eventNoticeTriggerJob','518999e045f61e4b825a98a6316a5966')
INSERT INTO BATCH_JOB_INSTANCE VALUES(71,0,'testJobGroup.delegateJob','b11d8a59d5f8461056667378a6763c89')
INSERT INTO BATCH_JOB_INSTANCE VALUES(72,0,'logManagementJob','838fe7bfacad085bc7178ed1c99cf93f')
INSERT INTO BATCH_JOB_INSTANCE VALUES(73,0,'parallelJob','ef8d030a172afa27cc487fdcdb16aa1e')
INSERT INTO BATCH_JOB_INSTANCE VALUES(74,0,'parallelStep','b3597472a11840aed5a9455b977c2804')
INSERT INTO BATCH_JOB_INSTANCE VALUES(75,0,'partitionJob','50cc762989ec000873754aab42bad0ba')
INSERT INTO BATCH_JOB_INSTANCE VALUES(76,0,'partitionJob','392f7f75bbf2dcf08349db649456c46b')
INSERT INTO BATCH_JOB_INSTANCE VALUES(77,0,'partitionJdbcJob','ef620c27285cc5dc83e988f46c4cd5ef')
INSERT INTO BATCH_JOB_INSTANCE VALUES(78,0,'postProcessorJob','4c7d777bc28df0df6a41d82b1d495a60')
INSERT INTO BATCH_JOB_INSTANCE VALUES(79,0,'preProcessorJob','e5af16d1575100c8acfb5657e58716ce')
INSERT INTO BATCH_JOB_INSTANCE VALUES(80,0,'jdbcCursorIoJob','9f35a8dbdc70620cd689ecd74e901937')
INSERT INTO BATCH_JOB_INSTANCE VALUES(81,0,'delimitedIoJob','cc0a14937ae3755787747e6097c06a6c')
INSERT INTO BATCH_JOB_INSTANCE VALUES(82,0,'retrySample','8d99412ee6bfedb7e487d056e96c5d8a')
INSERT INTO BATCH_JOB_INSTANCE VALUES(83,0,'delegateJob','b0e24b6d9d1d23b65b7a083b50615929')
INSERT INTO BATCH_JOB_INSTANCE VALUES(84,0,'loopJob','d3f7800c0744d5b3e62fa312a5999c0d')
INSERT INTO BATCH_JOB_INSTANCE VALUES(85,0,'compositeItemWriterJob','b418cf36d0c5960f7b8b3e45c63b7a30')
INSERT INTO BATCH_JOB_INSTANCE VALUES(86,0,'delegateJob','a3c40bb13d60d94f9d2f6ab43127f57f')
INSERT INTO BATCH_JOB_INSTANCE VALUES(87,0,'delimitedIoJob','2132b87c870d6226fa31338333307a5c')
INSERT INTO BATCH_JOB_INSTANCE VALUES(88,0,'fixedLengthIoJob','26c361bc5a01e09f0b0382abdc571dd1')
INSERT INTO BATCH_JOB_INSTANCE VALUES(89,0,'ibatisIoJob','cbb07f4641dd66600111f4a969587fc5')
INSERT INTO BATCH_JOB_INSTANCE VALUES(90,0,'jdbcCursorIoJob','76164e6396b821649ce93707f1f994a0')
INSERT INTO BATCH_JOB_INSTANCE VALUES(91,0,'jdbcPagingIoJob','a15271d3887f5099fbd992ad1ccb268e')
INSERT INTO BATCH_JOB_INSTANCE VALUES(92,0,'multiResourceIoJob','474b7457198fe323c88ea43aa2960913')
INSERT INTO BATCH_JOB_INSTANCE VALUES(93,0,'restartFileSampleJob','e4c8a4b348728d895b9dc45fe296ca3d')
INSERT INTO BATCH_JOB_INSTANCE VALUES(94,0,'xmlJob','e21bd598ca172f5712c06af7a11bdaf5')
INSERT INTO BATCH_JOB_INSTANCE VALUES(95,0,'batchRunnerTestJob','185557464cfdb9b82666408ee38e8185')
INSERT INTO BATCH_JOB_INSTANCE VALUES(96,0,'jdbcPagingIoJob','4c6743662594f1644f82b7a3f4b764e5')
INSERT INTO BATCH_JOB_INSTANCE VALUES(97,0,'delegateJob','a748adbf1832ab5636b85bf642c86914')
INSERT INTO BATCH_JOB_INSTANCE VALUES(98,0,'logManagementJob','5d4feacd6c72e7ae424694ccda627aaf')
INSERT INTO BATCH_JOB_INSTANCE VALUES(99,0,'restartFileSampleJob','1d19b8175d65f4aa42976cfe855de6ee')
INSERT INTO BATCH_JOB_INSTANCE VALUES(100,0,'partitionJob','97d57db10ec35ee56be377bddab4290b')
INSERT INTO BATCH_JOB_INSTANCE VALUES(101,0,'preProcessorJob','86291c0323e688b69518931a4ff85380')
INSERT INTO BATCH_JOB_INSTANCE VALUES(102,0,'retrySample','5a5bc24b0e558ba61832f6f27713aaad')
INSERT INTO BATCH_JOB_INSTANCE VALUES(103,0,'delegateJob','71623da84c6d64bead01d74fc78643d6')
INSERT INTO BATCH_JOB_INSTANCE VALUES(104,0,'multiResourceIoJob','c92b390a06b81d505718096d4561b51a')
INSERT INTO BATCH_JOB_INSTANCE VALUES(105,0,'jdbcCursorIoJob','b9ae7a824442a54b88d46bad8b883320')
INSERT INTO BATCH_JOB_INSTANCE VALUES(106,0,'delimitedIoJob','47982ddc5a78de2e417820a039913adc')
INSERT INTO BATCH_JOB_INSTANCE VALUES(107,0,'fixedLengthIoJob','1dbc3c5928d09d3414da00d6ff8c306e')
INSERT INTO BATCH_JOB_INSTANCE VALUES(108,0,'partitionJob','f54bdf7f4d54cdf9226a34f6d857542c')
INSERT INTO BATCH_JOB_INSTANCE VALUES(109,0,'jdbcCursorIoJob','ec388cba851967cad7580d427f9be529')
INSERT INTO BATCH_JOB_INSTANCE VALUES(110,0,'delimitedIoJob','aed5dd466852685776030056926a6baa')
INSERT INTO BATCH_JOB_INSTANCE VALUES(111,0,'batchRunnerTestJob','9e056c5913bdcb34615a948395ad054d')
INSERT INTO BATCH_JOB_INSTANCE VALUES(112,0,'parallelStep','75672cc2021bfd270b72c289f69313ce')
INSERT INTO BATCH_JOB_INSTANCE VALUES(113,0,'partitionJdbcJob','a6eeff4798461cd65c0b5eb93a55f3e1')
INSERT INTO BATCH_JOB_INSTANCE VALUES(114,0,'eventNoticeTriggerJob','9cdb74b0656bd83a5636040face7e3c4')
INSERT INTO BATCH_JOB_INSTANCE VALUES(115,0,'loopJob','df78ff351a47ae920f437235172cfcb9')
INSERT INTO BATCH_JOB_INSTANCE VALUES(116,0,'postProcessorJob','2bac05d7e6efae6a744a2bfaed51675c')
INSERT INTO BATCH_JOB_INSTANCE VALUES(117,0,'testJobGroup.delegateJob','066b58c504fb9c1f3c0afeefbb133cc9')
INSERT INTO BATCH_JOB_INSTANCE VALUES(118,0,'xmlJob','87ea917abed4e7f217910b1c92c4eee8')
INSERT INTO BATCH_JOB_INSTANCE VALUES(119,0,'compositeItemWriterJob','ae1bb622bac206161e36c1fe008e4e14')
INSERT INTO BATCH_JOB_INSTANCE VALUES(120,0,'ibatisIoJob','b0e0b1e77134370a6cc3ff3ac5b707bb')
INSERT INTO BATCH_JOB_INSTANCE VALUES(121,0,'parallelJob','1e046ced7d8f90570a44341bc426473a')
INSERT INTO BATCH_JOB_INSTANCE VALUES(122,0,'jdbcPagingIoJob','29e5a9398a12144e4a95b3eb1bd4c675')
INSERT INTO BATCH_JOB_INSTANCE VALUES(123,0,'delegateJob','c17eae13128c248ff2820d9e6be3dd9b')
INSERT INTO BATCH_JOB_INSTANCE VALUES(124,0,'xmlJob','2b60aabd0794d1fc0684ee1f7b45091d')
INSERT INTO BATCH_JOB_INSTANCE VALUES(125,0,'logManagementJob','58079457cd5ac867ee1fe972516ee0cb')
INSERT INTO BATCH_JOB_INSTANCE VALUES(126,0,'restartFileSampleJob','369903479566b1e69dc213aa1f277757')
INSERT INTO BATCH_JOB_INSTANCE VALUES(127,0,'partitionJob','1a15d4fb7c9d09f7c86c2284d1925590')
INSERT INTO BATCH_JOB_INSTANCE VALUES(128,0,'compositeItemWriterJob','0f3fe4345f35aed762055fca32603c91')
INSERT INTO BATCH_JOB_INSTANCE VALUES(129,0,'preProcessorJob','4daf49ccdb43b46c9bfb4acce0549414')
INSERT INTO BATCH_JOB_INSTANCE VALUES(130,0,'retrySample','cca97518f362464a180b0394b005e6a7')
INSERT INTO BATCH_JOB_INSTANCE VALUES(131,0,'delegateJob','8bacc5db4b1a0018d2e2e7ae1ebbf230')
INSERT INTO BATCH_JOB_INSTANCE VALUES(132,0,'multiResourceIoJob','055849b182ce0cec37d73ce312347def')
INSERT INTO BATCH_JOB_INSTANCE VALUES(133,0,'jdbcCursorIoJob','2b256bd2f2da80ad4f33f3633898a16b')
INSERT INTO BATCH_JOB_INSTANCE VALUES(134,0,'delimitedIoJob','ab88525bb914838d534257d00cd3eb0c')
INSERT INTO BATCH_JOB_INSTANCE VALUES(135,0,'fixedLengthIoJob','c9d0b44f4724264b2331cb33e55a8374')
INSERT INTO BATCH_JOB_INSTANCE VALUES(136,0,'partitionJob','b7f0677eb002524314553469e666e889')
INSERT INTO BATCH_JOB_INSTANCE VALUES(137,0,'jdbcCursorIoJob','cda2b218b9b1dbee023c61a931afeafa')
INSERT INTO BATCH_JOB_INSTANCE VALUES(138,0,'delimitedIoJob','f98ed2595cff33cfbe51eb629b2dce5d')
INSERT INTO BATCH_JOB_INSTANCE VALUES(139,0,'batchRunnerTestJob','57ad4c2202b89931747445862d4fc60c')
INSERT INTO BATCH_JOB_INSTANCE VALUES(140,0,'parallelStep','52bc65036bd69ef787f624c3c0064d4f')
INSERT INTO BATCH_JOB_INSTANCE VALUES(141,0,'partitionJdbcJob','48b97074099f73a44d1aa9b6612e7eda')
INSERT INTO BATCH_JOB_INSTANCE VALUES(142,0,'ibatisIoJob','7a2606fc2de790772e4bc27dd3dac525')
INSERT INTO BATCH_JOB_INSTANCE VALUES(143,0,'eventNoticeTriggerJob','83b9a20de74453c10c152b03bfc03dd7')
INSERT INTO BATCH_JOB_INSTANCE VALUES(144,0,'parallelJob','2c7cd6ac80668f3219cb0c940cb2aad1')
INSERT INTO BATCH_JOB_INSTANCE VALUES(145,0,'loopJob','6704813f5996b1ddae04e7d10e0f6e29')
INSERT INTO BATCH_JOB_INSTANCE VALUES(146,0,'postProcessorJob','435ec67dcc6eafa22314b0e0f1c96004')
INSERT INTO BATCH_JOB_INSTANCE VALUES(147,0,'testJobGroup.delegateJob','da8b599dd71e3e2386158e4c16898377')
INSERT INTO BATCH_JOB_INSTANCE VALUES(149,0,'jdbcPagingIoJob','701782ade4237ce63d672c76bae20452')
INSERT INTO BATCH_JOB_INSTANCE VALUES(150,0,'delegateJob','bf830b3872ee33145e6f152291c4c8e5')
INSERT INTO BATCH_JOB_INSTANCE VALUES(151,0,'xmlJob','96c64856a510b067d764bd9133158afc')
INSERT INTO BATCH_JOB_INSTANCE VALUES(152,0,'logManagementJob','dceb07eba7834a54f2f5a6f64fc84e18')
INSERT INTO BATCH_JOB_INSTANCE VALUES(153,0,'restartFileSampleJob','2348b495f62c49f0d7d0b0d8b693aa68')
INSERT INTO BATCH_JOB_INSTANCE VALUES(154,0,'partitionJob','62086ae38c2dd4220e0607da4204e781')
INSERT INTO BATCH_JOB_INSTANCE VALUES(155,0,'compositeItemWriterJob','0e0f152946e2b15788077f1f88e9f83c')
INSERT INTO BATCH_JOB_INSTANCE VALUES(156,0,'preProcessorJob','e95908d0eb23a97629f5f22820495d4f')
INSERT INTO BATCH_JOB_INSTANCE VALUES(157,0,'retrySample','91386c58342dc7afc3ac47d4aa7e59ff')
INSERT INTO BATCH_JOB_INSTANCE VALUES(158,0,'delegateJob','1e69e40e407fcd96ef1b4b845321f0e3')
INSERT INTO BATCH_JOB_INSTANCE VALUES(159,0,'multiResourceIoJob','8958f122f927c6d2bda67dfe70962faa')
INSERT INTO BATCH_JOB_INSTANCE VALUES(160,0,'jdbcCursorIoJob','b462a5d39dd664015fe88f782f4945e0')
INSERT INTO BATCH_JOB_INSTANCE VALUES(161,0,'delimitedIoJob','4c5891ecb55e8168dac485efae4343e0')
INSERT INTO BATCH_JOB_INSTANCE VALUES(162,0,'fixedLengthIoJob','950cc356af6ee1b1e7c7ba06a7dfe989')
INSERT INTO BATCH_JOB_INSTANCE VALUES(163,0,'partitionJob','27fa9cdd2c4c4b60c3a692d3d7811604')
INSERT INTO BATCH_JOB_INSTANCE VALUES(164,0,'jdbcCursorIoJob','7bff52b90238498174a8fc64cc8a7a8e')
INSERT INTO BATCH_JOB_INSTANCE VALUES(165,0,'delimitedIoJob','0b0d2b934d331681c63bb848ed4a3a11')
INSERT INTO BATCH_JOB_INSTANCE VALUES(166,0,'batchRunnerTestJob','5a122fba7536ed7602a3542ec9f3bdb6')
INSERT INTO BATCH_JOB_INSTANCE VALUES(167,0,'parallelStep','e35ba4108f065a9c393c0398563b3d58')
INSERT INTO BATCH_JOB_INSTANCE VALUES(168,0,'partitionJdbcJob','4459970897a6f7f2c976665395115fcc')
INSERT INTO BATCH_JOB_INSTANCE VALUES(169,0,'ibatisIoJob','031da3724be59ed1e04c1ca7b2bf09be')
INSERT INTO BATCH_JOB_INSTANCE VALUES(170,0,'eventNoticeTriggerJob','8511d9f23bff35c624273dbfc3d9e5a0')
INSERT INTO BATCH_JOB_INSTANCE VALUES(171,0,'parallelJob','f543b91cd67351f0928bcd6748e31de9')
INSERT INTO BATCH_JOB_INSTANCE VALUES(172,0,'loopJob','2d8c9ebed104c8c38c47ce80e1a19088')
INSERT INTO BATCH_JOB_INSTANCE VALUES(173,0,'postProcessorJob','8180def909f1106958dd38d70a3c77ab')
INSERT INTO BATCH_JOB_INSTANCE VALUES(174,0,'testJobGroup.delegateJob','88b9c67647956288281f565924121ab1')
INSERT INTO BATCH_JOB_INSTANCE VALUES(175,0,'jdbcCursorIoJob','2b8002b92b24be8a60395868db51c607')
INSERT INTO BATCH_JOB_INSTANCE VALUES(176,0,'xmlJob','a87e673b85ca47f79c23fab90bd2a214')
INSERT INTO BATCH_JOB_INSTANCE VALUES(177,0,'restartFileSampleJob','1aaa1b7072923e523c4bdf0e033aa784')
INSERT INTO BATCH_JOB_INSTANCE VALUES(178,0,'jdbcPagingIoJob','6563634eaa1b3d6bc7185fc32bf620e9')
INSERT INTO BATCH_JOB_INSTANCE VALUES(179,0,'jdbcCursorIoJob','32a85421a04880ed7d83a6dae5fd7523')
INSERT INTO BATCH_JOB_INSTANCE VALUES(180,0,'delimitedIoJob','4f408cd99ce63ab2d5e0a861fcb5af2d')
INSERT INTO BATCH_JOB_INSTANCE VALUES(181,0,'parallelJob','3a9de4eb0fc6054c52bb6913a73ce280')
INSERT INTO BATCH_JOB_INSTANCE VALUES(182,0,'loopJob','a12169ea1afaaaa11c0c5e9de0b1ecf9')
INSERT INTO BATCH_JOB_INSTANCE VALUES(183,0,'eventNoticeTriggerJob','15323d567e6980ec4ed941a7e0d4d6ed')
INSERT INTO BATCH_JOB_INSTANCE VALUES(184,0,'delegateJob','0783984ff8deeed9abcc4dffaf5cab2f')
INSERT INTO BATCH_JOB_INSTANCE VALUES(185,0,'delegateJob','6ea847c78d472d9981146052b037b110')
INSERT INTO BATCH_JOB_INSTANCE VALUES(186,0,'partitionJob','04f683ae42d915e3f707eabf3f4b1737')
INSERT INTO BATCH_JOB_INSTANCE VALUES(187,0,'preProcessorJob','9895410ad5c40fb85bb5f60f3b8d7bf7')
INSERT INTO BATCH_JOB_INSTANCE VALUES(188,0,'ibatisIoJob','81f5a1b8aa472648d62b600112fe1c78')
INSERT INTO BATCH_JOB_INSTANCE VALUES(189,0,'logManagementJob','b7a42d77415d61a666e0d975eabff3af')
INSERT INTO BATCH_JOB_INSTANCE VALUES(190,0,'parallelStep','a4b5514bbd249f8be5521b6715f7ca5c')
INSERT INTO BATCH_JOB_INSTANCE VALUES(191,0,'testJobGroup.delegateJob','0bd7fdccc3093da4c5b44b8baa50b293')
INSERT INTO BATCH_JOB_INSTANCE VALUES(192,0,'partitionJdbcJob','b977f4db38cd6ede45ebfac2978a9695')
INSERT INTO BATCH_JOB_INSTANCE VALUES(193,0,'compositeItemWriterJob','ca10cbdcf740851b3f44072b56e305a2')
INSERT INTO BATCH_JOB_INSTANCE VALUES(194,0,'multiResourceIoJob','0621c0d2b146c8af077ea8d09ab6e37d')
INSERT INTO BATCH_JOB_INSTANCE VALUES(195,0,'partitionJob','eebebcb3c6f2ad1cf78a24c9c2e41b9a')
INSERT INTO BATCH_JOB_INSTANCE VALUES(196,0,'fixedLengthIoJob','b4afa206f949c50612e2cc184eb082c4')
INSERT INTO BATCH_JOB_INSTANCE VALUES(197,0,'delimitedIoJob','1aff116bf8b98c3c0e95316203ae5d55')
INSERT INTO BATCH_JOB_INSTANCE VALUES(198,0,'batchRunnerTestJob','444aad211d17503055692774f83cb5dd')
INSERT INTO BATCH_JOB_INSTANCE VALUES(199,0,'postProcessorJob','db1641f992a5a485191f5cda5a111c06')
INSERT INTO BATCH_JOB_INSTANCE VALUES(200,0,'ibatisIoJob','8ff4a02ef4e4d140639fc82ec66f6fec')
INSERT INTO BATCH_JOB_INSTANCE VALUES(201,0,'delegateJob','357c4f95d424eced5e1341f1e36a856c')
INSERT INTO BATCH_JOB_INSTANCE VALUES(202,0,'jdbcCursorIoJob','f21ac3f9ae958b7f8c1b4ab12f7f3149')
INSERT INTO BATCH_JOB_INSTANCE VALUES(203,0,'jdbcPagingIoJob','def85db7f0652243ffbb719129431f57')
INSERT INTO BATCH_JOB_INSTANCE VALUES(204,0,'jdbcCursorIoJob','d46d1d2cbf22eeb11ad5ee7653f15e97')
INSERT INTO BATCH_JOB_INSTANCE VALUES(205,0,'restartFileSampleJob','ff1ccac0bba2921ff3fe6fca9805c8c0')
INSERT INTO BATCH_JOB_INSTANCE VALUES(206,0,'jdbcPagingIoJob','eedcb14b58b44c7eb52398917e797add')
INSERT INTO BATCH_JOB_INSTANCE VALUES(207,0,'jdbcCursorIoJob','361002f28d9b5538f2f5912584b4c309')
INSERT INTO BATCH_JOB_INSTANCE VALUES(208,0,'delimitedIoJob','8e4664275b63d2347fca62056ffd95f7')
INSERT INTO BATCH_JOB_INSTANCE VALUES(209,0,'loopJob','96264d73cca5eeaa60e47f956beed4e4')
INSERT INTO BATCH_JOB_INSTANCE VALUES(210,0,'eventNoticeTriggerJob','8554f525176b32e08f6c01075b436428')
INSERT INTO BATCH_JOB_INSTANCE VALUES(211,0,'delegateJob','0a43b50c7ffbd1aabfbf4e6a322863ea')
INSERT INTO BATCH_JOB_INSTANCE VALUES(212,0,'delegateJob','1a82d4779b998421073b6a9a07d7f42f')
INSERT INTO BATCH_JOB_INSTANCE VALUES(213,0,'partitionJob','e0c57ec96ba1d49aa2924dff0a5bcb8f')
INSERT INTO BATCH_JOB_INSTANCE VALUES(214,0,'preProcessorJob','eead1168a7cc52efe11bfda1817128f2')
INSERT INTO BATCH_JOB_INSTANCE VALUES(215,0,'ibatisIoJob','deff8321927f80677bab15c6a9bd2584')
INSERT INTO BATCH_JOB_INSTANCE VALUES(216,0,'parallelStep','671c6a19d24320c1c4e89d74652171aa')
INSERT INTO BATCH_JOB_INSTANCE VALUES(217,0,'testJobGroup.delegateJob','be92cf621b01b7851bd7ae232963e2f1')
INSERT INTO BATCH_JOB_INSTANCE VALUES(218,0,'partitionJdbcJob','45974b31d6041e54e610856566822f00')
INSERT INTO BATCH_JOB_INSTANCE VALUES(219,0,'compositeItemWriterJob','dc19ed30fada3535007fe9bc35184511')
INSERT INTO BATCH_JOB_INSTANCE VALUES(220,0,'multiResourceIoJob','b7ef5de4bd5cd5a4c64a2253e3856050')
INSERT INTO BATCH_JOB_INSTANCE VALUES(221,0,'partitionJob','d31f1df40be0d7510499bc79d3bc86e7')
INSERT INTO BATCH_JOB_INSTANCE VALUES(222,0,'fixedLengthIoJob','24475552a7ea0933a569f5303443a294')
INSERT INTO BATCH_JOB_INSTANCE VALUES(223,0,'delimitedIoJob','24dcfd20a07e8fb2296c1ea2ab3430ce')
INSERT INTO BATCH_JOB_INSTANCE VALUES(224,0,'batchRunnerTestJob','4e4200d4775ad6c2798fa2ae6ae4ab5f')
INSERT INTO BATCH_JOB_INSTANCE VALUES(225,0,'postProcessorJob','5566d8b68fc21da874e75ac94012ea1f')
INSERT INTO BATCH_JOB_INSTANCE VALUES(226,0,'retrySample','69dcd9d8f05fb36ffa5cb897db826d65')
INSERT INTO BATCH_JOB_INSTANCE VALUES(227,0,'jdbcCursorIoJob','60bc14946a6e06cbf941e9051d07199c')
INSERT INTO BATCH_JOB_INSTANCE VALUES(228,0,'xmlJob','abaf612684ad691fdfedd46db32c0d41')
INSERT INTO BATCH_JOB_INSTANCE VALUES(229,0,'restartFileSampleJob','74d41121b4a2526bcdad528715c083da')
INSERT INTO BATCH_JOB_INSTANCE VALUES(230,0,'jdbcPagingIoJob','b34bc563c9b809b521ffb13198953ffd')
INSERT INTO BATCH_JOB_INSTANCE VALUES(231,0,'jdbcCursorIoJob','af9717fa3ff59747a782631c7c5e983f')
INSERT INTO BATCH_JOB_INSTANCE VALUES(232,0,'delimitedIoJob','338a191b478d00a2629c88a3e343467e')
INSERT INTO BATCH_JOB_INSTANCE VALUES(233,0,'parallelJob','cbf0956c584aa2987ecd547c917f2ccc')
INSERT INTO BATCH_JOB_INSTANCE VALUES(234,0,'loopJob','64c1f19253c743960a8e0b04d5c5e9eb')
INSERT INTO BATCH_JOB_INSTANCE VALUES(235,0,'eventNoticeTriggerJob','af82b97d7df6295799a4362ce2be9282')
INSERT INTO BATCH_JOB_INSTANCE VALUES(236,0,'delegateJob','d6a5e2bc32254068acfeb51b15a22b52')
INSERT INTO BATCH_JOB_INSTANCE VALUES(237,0,'delegateJob','d2f23dcbb1038aa30b2009bcf5ef94c1')
INSERT INTO BATCH_JOB_INSTANCE VALUES(238,0,'partitionJob','efbb8932c79aad11928430804947662a')
INSERT INTO BATCH_JOB_INSTANCE VALUES(239,0,'preProcessorJob','a08cc4a4fe55a04756a0b5143bf67b8a')
INSERT INTO BATCH_JOB_INSTANCE VALUES(240,0,'ibatisIoJob','a8aad4ad00714e04459a728ecf85c50d')
INSERT INTO BATCH_JOB_INSTANCE VALUES(241,0,'logManagementJob','98129e606d8d668dbfe07d5c03b01d0b')
INSERT INTO BATCH_JOB_INSTANCE VALUES(242,0,'parallelStep','4ef9f146f0a090952459b6e0bd121995')
INSERT INTO BATCH_JOB_INSTANCE VALUES(243,0,'testJobGroup.delegateJob','d9d947abd567788d4ac14babcd2db94b')
INSERT INTO BATCH_JOB_INSTANCE VALUES(244,0,'partitionJdbcJob','ee3e82d74743316b9069b6632f6ce5bb')
INSERT INTO BATCH_JOB_INSTANCE VALUES(245,0,'compositeItemWriterJob','794b16eb4971ff939cacbfff362e408f')
INSERT INTO BATCH_JOB_INSTANCE VALUES(246,0,'multiResourceIoJob','75353966b7b6352dbab71372774f6b0c')
INSERT INTO BATCH_JOB_INSTANCE VALUES(247,0,'partitionJob','9e03679ff0e7d6e9f77577e632c3a29f')
INSERT INTO BATCH_JOB_INSTANCE VALUES(248,0,'fixedLengthIoJob','2d875649615a6944bf6587cceb6c1cb3')
INSERT INTO BATCH_JOB_INSTANCE VALUES(249,0,'delimitedIoJob','a9ebeea148de48a9aa07c7a670bed1d9')
INSERT INTO BATCH_JOB_INSTANCE VALUES(250,0,'batchRunnerTestJob','85ba3802da302d6e8340a2dfa0b4734a')
INSERT INTO BATCH_JOB_INSTANCE VALUES(251,0,'postProcessorJob','ce9145762798a7bed920026f8361a9a9')
INSERT INTO BATCH_JOB_INSTANCE VALUES(252,0,'retrySample','8b04b9556ee9564dba4d02ff4e3aea28')


INSERT INTO BATCH_JOB_PARAMS VALUES(0,'STRING','timestamp','1422248991593','1970-01-01 09:00:00.000000000',0,0.0E0)
INSERT INTO BATCH_JOB_PARAMS VALUES(1,'STRING','timestamp','1422250484481','1970-01-01 09:00:00.000000000',0,0.0E0)
INSERT INTO BATCH_JOB_PARAMS VALUES(2,'STRING','timestamp','1422250527582','1970-01-01 09:00:00.000000000',0,0.0E0)
INSERT INTO BATCH_JOB_PARAMS VALUES(3,'LONG','random','','1970-01-01 09:00:00.000000000',620775,0.0E0)
INSERT INTO BATCH_JOB_PARAMS VALUES(3,'STRING','inputFile','/egovframework/data/input/delimited.csv','1970-01-01 09:00:00.000000000',0,0.0E0)
INSERT INTO BATCH_JOB_PARAMS VALUES(3,'STRING','outputFile','file:./target/test-outputs/delimitedOutput.csv','1970-01-01 09:00:00.000000000',0,0.0E0)
INSERT INTO BATCH_JOB_PARAMS VALUES(4,'LONG','random','','1970-01-01 09:00:00.000000000',675940,0.0E0)
INSERT INTO BATCH_JOB_PARAMS VALUES(5,'LONG','random','','1970-01-01 09:00:00.000000000',758245,0.0E0)
INSERT INTO BATCH_JOB_PARAMS VALUES(6,'STRING','inputFile','/egovframework/data/input/delimited.csv','1970-01-01 09:00:00.000000000',0,0.0E0)
INSERT INTO BATCH_JOB_PARAMS VALUES(6,'STRING','outputFile1','file:./target/test-outputs/parallelStep/delimitedOutput1.csv','1970-01-01 09:00:00.000000000',0,0.0E0)
INSERT INTO BATCH_JOB_PARAMS VALUES(6,'STRING','outputFile2','file:./target/test-outputs/parallelStep/delimitedOutput2.csv','1970-01-01 09:00:00.000000000',0,0.0E0)
INSERT INTO BATCH_JOB_PARAMS VALUES(6,'STRING','outputFile3','file:./target/test-outputs/parallelStep/delimitedOutput3.csv','1970-01-01 09:00:00.000000000',0,0.0E0)
INSERT INTO BATCH_JOB_PARAMS VALUES(6,'STRING','outputFile4','file:./target/test-outputs/parallelStep/delimitedOutput4.csv','1970-01-01 09:00:00.000000000',0,0.0E0)
INSERT INTO BATCH_JOB_PARAMS VALUES(6,'LONG','timestamp','','1970-01-01 09:00:00.000000000',1422252069431,0.0E0)
INSERT INTO BATCH_JOB_PARAMS VALUES(7,'LONG','random','','1970-01-01 09:00:00.000000000',96854,0.0E0)
INSERT INTO BATCH_JOB_PARAMS VALUES(8,'LONG','random','','1970-01-01 09:00:00.000000000',198158,0.0E0)
INSERT INTO BATCH_JOB_PARAMS VALUES(9,'LONG','random','','1970-01-01 09:00:00.000000000',584746,0.0E0)
INSERT INTO BATCH_JOB_PARAMS VALUES(10,'LONG','random','','1970-01-01 09:00:00.000000000',139579,0.0E0)
INSERT INTO BATCH_JOB_PARAMS VALUES(10,'STRING','inputFile','/egovframework/data/input/delimited.csv','1970-01-01 09:00:00.000000000',0,0.0E0)
INSERT INTO BATCH_JOB_PARAMS VALUES(10,'STRING','outputFile','file:./target/test-outputs/delimitedOutput.csv','1970-01-01 09:00:00.000000000',0,0.0E0)
INSERT INTO BATCH_JOB_PARAMS VALUES(11,'LONG','random','','1970-01-01 09:00:00.000000000',389309,0.0E0)
INSERT INTO BATCH_JOB_PARAMS VALUES(11,'STRING','inputFile','/egovframework/data/input/delimited.csv','1970-01-01 09:00:00.000000000',0,0.0E0)
INSERT INTO BATCH_JOB_PARAMS VALUES(11,'STRING','outputFile','file:./target/test-outputs/delimitedOutput.csv','1970-01-01 09:00:00.000000000',0,0.0E0)
INSERT INTO BATCH_JOB_PARAMS VALUES(12,'STRING','inputFile','/egovframework/data/input/delimited.csv','1970-01-01 09:00:00.000000000',0,0.0E0)
INSERT INTO BATCH_JOB_PARAMS VALUES(12,'LONG','timestamp','','1970-01-01 09:00:00.000000000',1422252128239,0.0E0)
INSERT INTO BATCH_JOB_PARAMS VALUES(13,'STRING','inputFile','/egovframework/data/input/delimited.csv','1970-01-01 09:00:00.000000000',0,0.0E0)
INSERT INTO BATCH_JOB_PARAMS VALUES(13,'LONG','timestamp','','1970-01-01 09:00:00.000000000',1422252128430,0.0E0)
INSERT INTO BATCH_JOB_PARAMS VALUES(14,'LONG','random','','1970-01-01 09:00:00.000000000',547702,0.0E0)
INSERT INTO BATCH_JOB_PARAMS VALUES(15,'LONG','run.id','','1970-01-01 09:00:00.000000000',1,0.0E0)
INSERT INTO BATCH_JOB_PARAMS VALUES(16,'LONG','random','','1970-01-01 09:00:00.000000000',698451,0.0E0)
INSERT INTO BATCH_JOB_PARAMS VALUES(17,'STRING','value','foo','1970-01-01 09:00:00.000000000',0,0.0E0)
INSERT INTO BATCH_JOB_PARAMS VALUES(17,'LONG','timestamp','','1970-01-01 09:00:00.000000000',1422252166641,0.0E0)
INSERT INTO BATCH_JOB_PARAMS VALUES(18,'LONG','random','','1970-01-01 09:00:00.000000000',26983,0.0E0)
INSERT INTO BATCH_JOB_PARAMS VALUES(19,'LONG','random','','1970-01-01 09:00:00.000000000',281682,0.0E0)
INSERT INTO BATCH_JOB_PARAMS VALUES(20,'LONG','random','','1970-01-01 09:00:00.000000000',913559,0.0E0)
INSERT INTO BATCH_JOB_PARAMS VALUES(21,'LONG','random','','1970-01-01 09:00:00.000000000',438161,0.0E0)
INSERT INTO BATCH_JOB_PARAMS VALUES(21,'STRING','inputFile','/egovframework/data/input/delimited.csv','1970-01-01 09:00:00.000000000',0,0.0E0)
INSERT INTO BATCH_JOB_PARAMS VALUES(21,'STRING','outputFile','file:./target/test-outputs/delimitedOutput.csv','1970-01-01 09:00:00.000000000',0,0.0E0)
INSERT INTO BATCH_JOB_PARAMS VALUES(22,'LONG','random','','1970-01-01 09:00:00.000000000',335027,0.0E0)
INSERT INTO BATCH_JOB_PARAMS VALUES(22,'STRING','inputFile','/egovframework/data/input/fixedLength.txt','1970-01-01 09:00:00.000000000',0,0.0E0)
INSERT INTO BATCH_JOB_PARAMS VALUES(22,'STRING','outputFile','file:./target/test-outputs/fixedLengthOutput.txt','1970-01-01 09:00:00.000000000',0,0.0E0)
INSERT INTO BATCH_JOB_PARAMS VALUES(23,'LONG','random','','1970-01-01 09:00:00.000000000',594939,0.0E0)
INSERT INTO BATCH_JOB_PARAMS VALUES(24,'LONG','random','','1970-01-01 09:00:00.000000000',197225,0.0E0)
INSERT INTO BATCH_JOB_PARAMS VALUES(25,'LONG','random','','1970-01-01 09:00:00.000000000',394427,0.0E0)
INSERT INTO BATCH_JOB_PARAMS VALUES(25,'DOUBLE','credit','','1970-01-01 09:00:00.000000000',0,10000.0E0)
INSERT INTO BATCH_JOB_PARAMS VALUES(26,'LONG','random','','1970-01-01 09:00:00.000000000',714401,0.0E0)
INSERT INTO BATCH_JOB_PARAMS VALUES(26,'STRING','input.file.path','/egovframework/data/input/delimited*.csv','1970-01-01 09:00:00.000000000',0,0.0E0)
INSERT INTO BATCH_JOB_PARAMS VALUES(26,'STRING','output.file.path','file:./target/test-outputs/multiResourceOutput.csv','1970-01-01 09:00:00.000000000',0,0.0E0)
INSERT INTO BATCH_JOB_PARAMS VALUES(27,'LONG','random','','1970-01-01 09:00:00.000000000',770905,0.0E0)
INSERT INTO BATCH_JOB_PARAMS VALUES(28,'LONG','random','','1970-01-01 09:00:00.000000000',348194,0.0E0)
INSERT INTO BATCH_JOB_PARAMS VALUES(29,'LONG','random','','1970-01-01 09:00:00.000000000',724913,0.0E0)
INSERT INTO BATCH_JOB_PARAMS VALUES(29,'STRING','inputFile','/egovframework/data/input/input.xml','1970-01-01 09:00:00.000000000',0,0.0E0)
INSERT INTO BATCH_JOB_PARAMS VALUES(30,'STRING','timestamp','1422434611095','1970-01-01 09:00:00.000000000',0,0.0E0)
INSERT INTO BATCH_JOB_PARAMS VALUES(31,'LONG','random','','1970-01-01 09:00:00.000000000',423377,0.0E0)
INSERT INTO BATCH_JOB_PARAMS VALUES(32,'LONG','random','','1970-01-01 09:00:00.000000000',439521,0.0E0)
INSERT INTO BATCH_JOB_PARAMS VALUES(33,'LONG','random','','1970-01-01 09:00:00.000000000',235968,0.0E0)
INSERT INTO BATCH_JOB_PARAMS VALUES(34,'LONG','random','','1970-01-01 09:00:00.000000000',257947,0.0E0)
INSERT INTO BATCH_JOB_PARAMS VALUES(35,'LONG','random','','1970-01-01 09:00:00.000000000',257074,0.0E0)
INSERT INTO BATCH_JOB_PARAMS VALUES(36,'STRING','value','foo','1970-01-01 09:00:00.000000000',0,0.0E0)
INSERT INTO BATCH_JOB_PARAMS VALUES(36,'LONG','timestamp','','1970-01-01 09:00:00.000000000',1422434631011,0.0E0)
INSERT INTO BATCH_JOB_PARAMS VALUES(37,'LONG','random','','1970-01-01 09:00:00.000000000',708668,0.0E0)
INSERT INTO BATCH_JOB_PARAMS VALUES(37,'STRING','inputFile','/egovframework/data/input/input.xml','1970-01-01 09:00:00.000000000',0,0.0E0)
INSERT INTO BATCH_JOB_PARAMS VALUES(38,'LONG','random','','1970-01-01 09:00:00.000000000',743153,0.0E0)
INSERT INTO BATCH_JOB_PARAMS VALUES(39,'LONG','random','','1970-01-01 09:00:00.000000000',910044,0.0E0)
INSERT INTO BATCH_JOB_PARAMS VALUES(39,'STRING','inputFile','/egovframework/data/input/delimited.csv','1970-01-01 09:00:00.000000000',0,0.0E0)
INSERT INTO BATCH_JOB_PARAMS VALUES(39,'STRING','outputFile','file:./target/test-outputs/delimitedOutput.csv','1970-01-01 09:00:00.000000000',0,0.0E0)
--INSERT INTO BATCH_JOB_PARAMS VALUES(40,'LONG','run.id','','1970-01-01 09:00:00.000000000',2,0.0E0)
INSERT INTO BATCH_JOB_PARAMS VALUES(41,'LONG','random','','1970-01-01 09:00:00.000000000',36017,0.0E0)
INSERT INTO BATCH_JOB_PARAMS VALUES(42,'STRING','timestamp','1422434637408','1970-01-01 09:00:00.000000000',0,0.0E0)
INSERT INTO BATCH_JOB_PARAMS VALUES(43,'LONG','random','','1970-01-01 09:00:00.000000000',983760,0.0E0)
INSERT INTO BATCH_JOB_PARAMS VALUES(43,'STRING','inputFile','/egovframework/data/input/delimited.csv','1970-01-01 09:00:00.000000000',0,0.0E0)
INSERT INTO BATCH_JOB_PARAMS VALUES(43,'STRING','outputFile','file:./target/test-outputs/delimitedOutput.csv','1970-01-01 09:00:00.000000000',0,0.0E0)
INSERT INTO BATCH_JOB_PARAMS VALUES(44,'LONG','random','','1970-01-01 09:00:00.000000000',957132,0.0E0)
INSERT INTO BATCH_JOB_PARAMS VALUES(45,'LONG','random','','1970-01-01 09:00:00.000000000',763935,0.0E0)
INSERT INTO BATCH_JOB_PARAMS VALUES(46,'STRING','inputFile','/egovframework/data/input/delimited.csv','1970-01-01 09:00:00.000000000',0,0.0E0)
INSERT INTO BATCH_JOB_PARAMS VALUES(46,'LONG','timestamp','','1970-01-01 09:00:00.000000000',1422434645603,0.0E0)
INSERT INTO BATCH_JOB_PARAMS VALUES(47,'STRING','inputFile','/egovframework/data/input/delimited.csv','1970-01-01 09:00:00.000000000',0,0.0E0)
INSERT INTO BATCH_JOB_PARAMS VALUES(47,'LONG','timestamp','','1970-01-01 09:00:00.000000000',1422434645627,0.0E0)
INSERT INTO BATCH_JOB_PARAMS VALUES(48,'LONG','random','','1970-01-01 09:00:00.000000000',203807,0.0E0)
INSERT INTO BATCH_JOB_PARAMS VALUES(48,'STRING','inputFile','/egovframework/data/input/fixedLength.txt','1970-01-01 09:00:00.000000000',0,0.0E0)
INSERT INTO BATCH_JOB_PARAMS VALUES(48,'STRING','outputFile','file:./target/test-outputs/fixedLengthOutput.txt','1970-01-01 09:00:00.000000000',0,0.0E0)
INSERT INTO BATCH_JOB_PARAMS VALUES(49,'LONG','random','','1970-01-01 09:00:00.000000000',356128,0.0E0)
INSERT INTO BATCH_JOB_PARAMS VALUES(50,'LONG','random','','1970-01-01 09:00:00.000000000',570994,0.0E0)
INSERT INTO BATCH_JOB_PARAMS VALUES(51,'LONG','random','','1970-01-01 09:00:00.000000000',705791,0.0E0)
INSERT INTO BATCH_JOB_PARAMS VALUES(51,'STRING','input.file.path','/egovframework/data/input/delimited*.csv','1970-01-01 09:00:00.000000000',0,0.0E0)
INSERT INTO BATCH_JOB_PARAMS VALUES(51,'STRING','output.file.path','file:./target/test-outputs/multiResourceOutput.csv','1970-01-01 09:00:00.000000000',0,0.0E0)
INSERT INTO BATCH_JOB_PARAMS VALUES(52,'LONG','random','','1970-01-01 09:00:00.000000000',273474,0.0E0)
INSERT INTO BATCH_JOB_PARAMS VALUES(53,'LONG','random','','1970-01-01 09:00:00.000000000',674769,0.0E0)
INSERT INTO BATCH_JOB_PARAMS VALUES(53,'STRING','inputFile','/egovframework/data/input/delimited.csv','1970-01-01 09:00:00.000000000',0,0.0E0)
INSERT INTO BATCH_JOB_PARAMS VALUES(53,'STRING','outputFile','file:./target/test-outputs/delimitedOutput.csv','1970-01-01 09:00:00.000000000',0,0.0E0)
INSERT INTO BATCH_JOB_PARAMS VALUES(54,'LONG','random','','1970-01-01 09:00:00.000000000',7691,0.0E0)
INSERT INTO BATCH_JOB_PARAMS VALUES(54,'STRING','inputFile','/egovframework/data/input/delimited.csv','1970-01-01 09:00:00.000000000',0,0.0E0)
INSERT INTO BATCH_JOB_PARAMS VALUES(54,'STRING','outputFile','file:./target/test-outputs/delimitedOutput.csv','1970-01-01 09:00:00.000000000',0,0.0E0)
INSERT INTO BATCH_JOB_PARAMS VALUES(55,'LONG','random','','1970-01-01 09:00:00.000000000',505441,0.0E0)
INSERT INTO BATCH_JOB_PARAMS VALUES(56,'STRING','inputFile','/egovframework/data/input/delimited.csv','1970-01-01 09:00:00.000000000',0,0.0E0)
INSERT INTO BATCH_JOB_PARAMS VALUES(56,'STRING','outputFile1','file:./target/test-outputs/parallelStep/delimitedOutput1.csv','1970-01-01 09:00:00.000000000',0,0.0E0)
INSERT INTO BATCH_JOB_PARAMS VALUES(56,'STRING','outputFile2','file:./target/test-outputs/parallelStep/delimitedOutput2.csv','1970-01-01 09:00:00.000000000',0,0.0E0)
INSERT INTO BATCH_JOB_PARAMS VALUES(56,'STRING','outputFile3','file:./target/test-outputs/parallelStep/delimitedOutput3.csv','1970-01-01 09:00:00.000000000',0,0.0E0)
INSERT INTO BATCH_JOB_PARAMS VALUES(56,'STRING','outputFile4','file:./target/test-outputs/parallelStep/delimitedOutput4.csv','1970-01-01 09:00:00.000000000',0,0.0E0)
INSERT INTO BATCH_JOB_PARAMS VALUES(56,'LONG','timestamp','','1970-01-01 09:00:00.000000000',1422434647755,0.0E0)
INSERT INTO BATCH_JOB_PARAMS VALUES(57,'LONG','random','','1970-01-01 09:00:00.000000000',935909,0.0E0)
INSERT INTO BATCH_JOB_PARAMS VALUES(57,'DOUBLE','credit','','1970-01-01 09:00:00.000000000',0,10000.0E0)
INSERT INTO BATCH_JOB_PARAMS VALUES(63,'STRING','timestamp','1422498687125','1970-01-01 09:00:00.000000000',0,0.0E0)
--INSERT INTO BATCH_JOB_PARAMS VALUES(148,'LONG','run.id','','1970-01-01 09:00:00.000000000',3,0.0E0)

INSERT INTO BATCH_STEP_EXECUTION_SEQ VALUES(412)
INSERT INTO BATCH_JOB_EXECUTION_SEQ VALUES(278)
INSERT INTO BATCH_JOB_SEQ VALUES(255)
INSERT INTO CUSTOMER_SEQ VALUES(5)
INSERT INTO TRADE VALUES(191,0,'UK21341EAH41',211,31.11,'customer1')
INSERT INTO TRADE VALUES(192,0,'UK21341EAH42',212,32.11,'customer2')
INSERT INTO TRADE VALUES(193,0,'UK21341EAH43',213,33.11,'customer3')
INSERT INTO TRADE VALUES(194,0,'UK21341EAH44',214,34.11,'customer4')
INSERT INTO TRADE VALUES(195,0,'UK21341EAH45',215,35.11,'customer5')
INSERT INTO CUSTOMER VALUES(1,0,'customer1',100000)
INSERT INTO CUSTOMER VALUES(2,0,'customer2',100000)
INSERT INTO CUSTOMER VALUES(3,0,'customer3',100000)
INSERT INTO CUSTOMER VALUES(4,0,'customer4',100000)
INSERT INTO TRADE_SEQ VALUES(195)
INSERT INTO BATCH_STAGING_SEQ VALUES(NULL)
INSERT INTO BATCH_STAGING_SEQ VALUES(39)
INSERT INTO BATCH_STAGING VALUES(35,233,'aced00057372003365676f766672616d65776f726b2e627274652e73616d706c652e636f6d6d6f6e2e646f6d61696e2e74726164652e54726164652220eb708d1d896c0200064a00087175616e746974794a000776657273696f6e4c0008637573746f6d65727400124c6a6176612f6c616e672f537472696e673b4c000269647400104c6a6176612f6c616e672f4c6f6e673b4c00046973696e71007e00014c000570726963657400164c6a6176612f6d6174682f426967446563696d616c3b787000000000000000d30000000000000000740009637573746f6d6572317074000c554b32313334314541483431737200146a6176612e6d6174682e426967446563696d616c54c71557f981284f0300024900057363616c654c0006696e7456616c7400164c6a6176612f6d6174682f426967496e74656765723b787200106a6176612e6c616e672e4e756d62657286ac951d0b94e08b020000787000000002737200146a6176612e6d6174682e426967496e74656765728cfc9f1fa93bfb1d030006490008626974436f756e744900096269744c656e67746849001366697273744e6f6e7a65726f427974654e756d49000c6c6f776573745365744269744900067369676e756d5b00096d61676e69747564657400025b427871007e0009fffffffffffffffffffffffefffffffe00000001757200025b42acf317f8060854e00200007870000000020c277878','Y')
INSERT INTO BATCH_STAGING VALUES(36,233,'aced00057372003365676f766672616d65776f726b2e627274652e73616d706c652e636f6d6d6f6e2e646f6d61696e2e74726164652e54726164652220eb708d1d896c0200064a00087175616e746974794a000776657273696f6e4c0008637573746f6d65727400124c6a6176612f6c616e672f537472696e673b4c000269647400104c6a6176612f6c616e672f4c6f6e673b4c00046973696e71007e00014c000570726963657400164c6a6176612f6d6174682f426967446563696d616c3b787000000000000000d40000000000000000740009637573746f6d6572327074000c554b32313334314541483432737200146a6176612e6d6174682e426967446563696d616c54c71557f981284f0300024900057363616c654c0006696e7456616c7400164c6a6176612f6d6174682f426967496e74656765723b787200106a6176612e6c616e672e4e756d62657286ac951d0b94e08b020000787000000002737200146a6176612e6d6174682e426967496e74656765728cfc9f1fa93bfb1d030006490008626974436f756e744900096269744c656e67746849001366697273744e6f6e7a65726f427974654e756d49000c6c6f776573745365744269744900067369676e756d5b00096d61676e69747564657400025b427871007e0009fffffffffffffffffffffffefffffffe00000001757200025b42acf317f8060854e00200007870000000020c8b7878','Y')
INSERT INTO BATCH_STAGING VALUES(37,233,'aced00057372003365676f766672616d65776f726b2e627274652e73616d706c652e636f6d6d6f6e2e646f6d61696e2e74726164652e54726164652220eb708d1d896c0200064a00087175616e746974794a000776657273696f6e4c0008637573746f6d65727400124c6a6176612f6c616e672f537472696e673b4c000269647400104c6a6176612f6c616e672f4c6f6e673b4c00046973696e71007e00014c000570726963657400164c6a6176612f6d6174682f426967446563696d616c3b787000000000000000d50000000000000000740009637573746f6d6572337074000c554b32313334314541483433737200146a6176612e6d6174682e426967446563696d616c54c71557f981284f0300024900057363616c654c0006696e7456616c7400164c6a6176612f6d6174682f426967496e74656765723b787200106a6176612e6c616e672e4e756d62657286ac951d0b94e08b020000787000000002737200146a6176612e6d6174682e426967496e74656765728cfc9f1fa93bfb1d030006490008626974436f756e744900096269744c656e67746849001366697273744e6f6e7a65726f427974654e756d49000c6c6f776573745365744269744900067369676e756d5b00096d61676e69747564657400025b427871007e0009fffffffffffffffffffffffefffffffe00000001757200025b42acf317f8060854e00200007870000000020cef7878','Y')
INSERT INTO BATCH_STAGING VALUES(38,233,'aced00057372003365676f766672616d65776f726b2e627274652e73616d706c652e636f6d6d6f6e2e646f6d61696e2e74726164652e54726164652220eb708d1d896c0200064a00087175616e746974794a000776657273696f6e4c0008637573746f6d65727400124c6a6176612f6c616e672f537472696e673b4c000269647400104c6a6176612f6c616e672f4c6f6e673b4c00046973696e71007e00014c000570726963657400164c6a6176612f6d6174682f426967446563696d616c3b787000000000000000d60000000000000000740009637573746f6d6572347074000c554b32313334314541483434737200146a6176612e6d6174682e426967446563696d616c54c71557f981284f0300024900057363616c654c0006696e7456616c7400164c6a6176612f6d6174682f426967496e74656765723b787200106a6176612e6c616e672e4e756d62657286ac951d0b94e08b020000787000000002737200146a6176612e6d6174682e426967496e74656765728cfc9f1fa93bfb1d030006490008626974436f756e744900096269744c656e67746849001366697273744e6f6e7a65726f427974654e756d49000c6c6f776573745365744269744900067369676e756d5b00096d61676e69747564657400025b427871007e0009fffffffffffffffffffffffefffffffe00000001757200025b42acf317f8060854e00200007870000000020d537878','Y')
INSERT INTO BATCH_STAGING VALUES(39,233,'aced00057372003365676f766672616d65776f726b2e627274652e73616d706c652e636f6d6d6f6e2e646f6d61696e2e74726164652e54726164652220eb708d1d896c0200064a00087175616e746974794a000776657273696f6e4c0008637573746f6d65727400124c6a6176612f6c616e672f537472696e673b4c000269647400104c6a6176612f6c616e672f4c6f6e673b4c00046973696e71007e00014c000570726963657400164c6a6176612f6d6174682f426967446563696d616c3b787000000000000000d70000000000000000740009637573746f6d6572357074000c554b32313334314541483435737200146a6176612e6d6174682e426967446563696d616c54c71557f981284f0300024900057363616c654c0006696e7456616c7400164c6a6176612f6d6174682f426967496e74656765723b787200106a6176612e6c616e672e4e756d62657286ac951d0b94e08b020000787000000002737200146a6176612e6d6174682e426967496e74656765728cfc9f1fa93bfb1d030006490008626974436f756e744900096269744c656e67746849001366697273744e6f6e7a65726f427974654e756d49000c6c6f776573745365744269744900067369676e756d5b00096d61676e69747564657400025b427871007e0009fffffffffffffffffffffffefffffffe00000001757200025b42acf317f8060854e00200007870000000020db77878','Y')
INSERT INTO ERROR_LOG VALUES('logManagementJob','step1','3 records were skipped!')

CREATE TABLE BATCH_EXCEPTION_MESSAGE(EX_ID BIGINT GENERATED BY DEFAULT AS IDENTITY(START WITH 0) NOT NULL PRIMARY KEY,EX_KEY VARCHAR(255),EX_MESSAGE VARCHAR(255))
INSERT INTO BATCH_EXCEPTION_MESSAGE VALUES(1,'EGOVBATCH000001','배치실행 중 업무 관련 에러가 발생 하였습니다.')
INSERT INTO BATCH_EXCEPTION_MESSAGE VALUES(2,'EGOVBATCH000002','배치실행 중 알수 없는 오류가 발생 하였습니다.')
